	fiveyearlyinfo	
	b/se	p
subsessionround_number	-2.147059	.2836522
	1.935324	
_cons	55.05294	3.55e-06
	7.973698	
